Employee Id,Station Id,Employee Name,Designation,Joining Date,Salary
1,120,Employee_1,Security Officer,2024-03-15,41683
2,196,Employee_2,Security Officer,2019-11-13,70699
3,153,Employee_3,Maintenance Engineer,2018-12-07,69641
4,188,Employee_4,Ticket Inspector,2019-07-01,64448
5,205,Employee_5,Ticket Inspector,2020-04-18,91823
6,7,Employee_6,Security Officer,2018-06-30,77728
7,198,Employee_7,Ticket Inspector,2020-02-27,96492
8,130,Employee_8,Maintenance Engineer,2021-08-23,78849
9,79,Employee_9,Operator,2022-02-27,70847
10,84,Employee_10,Operator,2023-06-12,75888
11,187,Employee_11,Ticket Inspector,2024-05-22,41269
12,80,Employee_12,Operator,2024-09-21,95346
13,128,Employee_13,Security Officer,2019-11-03,86141
14,95,Employee_14,Ticket Inspector,2019-04-03,73544
15,88,Employee_15,Ticket Inspector,2021-09-28,69339
16,48,Employee_16,Operator,2020-02-26,73781
17,128,Employee_17,Ticket Inspector,2018-12-29,86282
18,219,Employee_18,Ticket Inspector,2018-08-08,26901
19,192,Employee_19,Maintenance Engineer,2022-08-23,48549
20,104,Employee_20,Maintenance Engineer,2024-09-21,56896
21,162,Employee_21,Maintenance Engineer,2022-07-08,98598
22,138,Employee_22,Security Officer,2024-08-09,81000
23,89,Employee_23,Ticket Inspector,2023-04-24,35327
24,106,Employee_24,Ticket Inspector,2023-01-08,66110
25,57,Employee_25,Operator,2022-05-23,42192
26,206,Employee_26,Ticket Inspector,2020-12-16,52447
27,50,Employee_27,Station Manager,2020-09-06,85292
28,72,Employee_28,Operator,2024-01-29,66034
29,39,Employee_29,Maintenance Engineer,2024-07-18,86728
30,126,Employee_30,Station Manager,2021-09-30,95368
31,130,Employee_31,Security Officer,2021-05-10,80711
32,35,Employee_32,Ticket Inspector,2018-12-05,87759
33,6,Employee_33,Maintenance Engineer,2021-12-13,51191
34,138,Employee_34,Ticket Inspector,2019-05-30,95573
35,55,Employee_35,Security Officer,2018-04-17,73812
36,115,Employee_36,Station Manager,2023-02-28,84119
37,87,Employee_37,Operator,2023-11-05,35646
38,31,Employee_38,Ticket Inspector,2023-08-18,54398
39,210,Employee_39,Ticket Inspector,2021-09-12,85508
40,94,Employee_40,Station Manager,2024-06-18,99832
41,78,Employee_41,Operator,2024-01-23,90633
42,170,Employee_42,Ticket Inspector,2019-05-18,70341
43,90,Employee_43,Maintenance Engineer,2019-11-27,77665
44,12,Employee_44,Ticket Inspector,2023-01-12,27330
45,108,Employee_45,Station Manager,2021-08-19,32659
46,168,Employee_46,Maintenance Engineer,2021-12-03,32950
47,146,Employee_47,Security Officer,2022-08-29,50456
48,132,Employee_48,Operator,2021-09-27,38339
49,192,Employee_49,Station Manager,2020-08-14,56472
50,24,Employee_50,Maintenance Engineer,2022-01-03,64745
51,66,Employee_51,Operator,2022-11-07,89301
52,9,Employee_52,Station Manager,2018-11-27,77278
53,78,Employee_53,Station Manager,2022-10-13,57734
54,185,Employee_54,Maintenance Engineer,2020-02-14,33895
55,67,Employee_55,Security Officer,2019-11-21,25804
56,193,Employee_56,Ticket Inspector,2021-05-09,66924
57,169,Employee_57,Ticket Inspector,2022-11-23,70452
58,69,Employee_58,Security Officer,2019-09-20,61328
59,67,Employee_59,Ticket Inspector,2023-10-19,59629
60,57,Employee_60,Operator,2019-09-22,99678
61,223,Employee_61,Maintenance Engineer,2019-04-27,78554
62,107,Employee_62,Operator,2024-09-03,99909
63,165,Employee_63,Maintenance Engineer,2018-07-17,61737
64,209,Employee_64,Maintenance Engineer,2020-12-03,35813
65,235,Employee_65,Ticket Inspector,2022-09-16,40719
66,152,Employee_66,Maintenance Engineer,2021-04-17,94307
67,161,Employee_67,Operator,2019-06-05,94485
68,245,Employee_68,Maintenance Engineer,2019-05-21,28317
69,214,Employee_69,Maintenance Engineer,2021-04-05,73003
70,66,Employee_70,Ticket Inspector,2019-07-13,55056
71,188,Employee_71,Station Manager,2018-10-29,38355
72,53,Employee_72,Ticket Inspector,2021-02-15,52166
73,169,Employee_73,Ticket Inspector,2024-09-12,88845
74,211,Employee_74,Ticket Inspector,2019-07-03,59660
75,203,Employee_75,Operator,2024-09-19,44346
76,90,Employee_76,Maintenance Engineer,2023-04-28,46889
77,111,Employee_77,Operator,2021-08-22,26871
78,236,Employee_78,Ticket Inspector,2024-04-23,28869
79,85,Employee_79,Maintenance Engineer,2019-10-07,44133
80,124,Employee_80,Security Officer,2019-09-22,67129
81,99,Employee_81,Operator,2024-03-02,72694
82,244,Employee_82,Maintenance Engineer,2023-10-25,43015
83,62,Employee_83,Security Officer,2024-03-23,59089
84,22,Employee_84,Operator,2022-01-28,81659
85,25,Employee_85,Ticket Inspector,2019-10-12,25688
86,135,Employee_86,Maintenance Engineer,2020-10-19,88170
87,175,Employee_87,Maintenance Engineer,2020-05-04,53430
88,119,Employee_88,Maintenance Engineer,2024-11-05,73342
89,155,Employee_89,Station Manager,2022-06-19,76186
90,82,Employee_90,Maintenance Engineer,2023-06-21,66076
91,60,Employee_91,Maintenance Engineer,2018-02-07,85547
92,237,Employee_92,Security Officer,2019-05-13,92317
93,16,Employee_93,Operator,2018-10-25,26010
94,98,Employee_94,Station Manager,2021-07-01,62484
95,201,Employee_95,Operator,2020-10-04,88795
96,230,Employee_96,Ticket Inspector,2019-02-19,36772
97,2,Employee_97,Maintenance Engineer,2019-12-13,55946
98,59,Employee_98,Maintenance Engineer,2023-02-04,78704
99,162,Employee_99,Ticket Inspector,2024-06-29,87883
100,121,Employee_100,Operator,2022-08-09,59310
101,153,Employee_101,Operator,2019-12-16,85563
102,206,Employee_102,Security Officer,2022-10-12,84521
103,242,Employee_103,Station Manager,2024-09-23,93630
104,2,Employee_104,Maintenance Engineer,2019-10-24,80979
105,107,Employee_105,Security Officer,2024-08-20,99060
106,145,Employee_106,Maintenance Engineer,2018-10-13,80286
107,84,Employee_107,Maintenance Engineer,2024-08-19,37402
108,132,Employee_108,Operator,2023-07-20,59767
109,28,Employee_109,Security Officer,2020-04-04,30712
110,132,Employee_110,Station Manager,2024-06-12,69528
111,134,Employee_111,Security Officer,2020-12-23,94732
112,244,Employee_112,Ticket Inspector,2022-11-10,81950
113,2,Employee_113,Station Manager,2020-05-18,95034
114,62,Employee_114,Maintenance Engineer,2022-03-28,36555
115,59,Employee_115,Security Officer,2022-02-07,40983
116,16,Employee_116,Ticket Inspector,2020-08-29,98320
117,209,Employee_117,Operator,2019-09-10,39952
118,200,Employee_118,Station Manager,2018-06-04,50748
119,64,Employee_119,Station Manager,2019-11-22,87716
120,195,Employee_120,Operator,2024-03-26,62548
121,138,Employee_121,Operator,2023-02-08,94999
122,180,Employee_122,Security Officer,2021-07-01,71640
123,174,Employee_123,Maintenance Engineer,2023-01-02,50140
124,94,Employee_124,Station Manager,2022-06-24,31033
125,100,Employee_125,Ticket Inspector,2019-11-24,94320
126,25,Employee_126,Security Officer,2018-08-31,32735
127,87,Employee_127,Station Manager,2023-03-30,82939
128,90,Employee_128,Ticket Inspector,2021-05-29,36410
129,61,Employee_129,Ticket Inspector,2024-01-24,29850
130,149,Employee_130,Maintenance Engineer,2019-03-22,26402
131,39,Employee_131,Operator,2021-12-14,66600
132,91,Employee_132,Maintenance Engineer,2018-05-07,96071
133,250,Employee_133,Maintenance Engineer,2019-08-05,41628
134,138,Employee_134,Station Manager,2021-06-21,63150
135,190,Employee_135,Security Officer,2019-05-08,67826
136,218,Employee_136,Station Manager,2024-05-01,86636
137,41,Employee_137,Maintenance Engineer,2018-10-02,80610
138,82,Employee_138,Ticket Inspector,2022-03-07,48312
139,133,Employee_139,Station Manager,2023-09-17,95673
140,110,Employee_140,Operator,2022-12-03,95314
141,228,Employee_141,Maintenance Engineer,2018-03-03,92480
142,36,Employee_142,Maintenance Engineer,2021-07-08,98758
143,54,Employee_143,Security Officer,2023-04-20,62610
144,11,Employee_144,Station Manager,2021-03-17,53597
145,217,Employee_145,Ticket Inspector,2024-10-02,39765
146,106,Employee_146,Ticket Inspector,2019-05-18,43950
147,38,Employee_147,Maintenance Engineer,2020-06-28,92007
148,173,Employee_148,Security Officer,2019-07-09,39501
149,212,Employee_149,Maintenance Engineer,2022-09-26,98847
150,30,Employee_150,Operator,2019-07-13,47430
151,30,Employee_151,Maintenance Engineer,2019-05-09,76378
152,164,Employee_152,Ticket Inspector,2023-02-24,83122
153,198,Employee_153,Ticket Inspector,2022-01-22,33816
154,54,Employee_154,Security Officer,2018-02-05,71369
155,18,Employee_155,Station Manager,2020-08-01,56761
156,135,Employee_156,Operator,2023-07-05,67625
157,248,Employee_157,Maintenance Engineer,2018-07-30,56502
158,224,Employee_158,Maintenance Engineer,2020-04-13,97908
159,211,Employee_159,Maintenance Engineer,2023-03-14,94080
160,231,Employee_160,Station Manager,2020-03-21,86937
161,29,Employee_161,Ticket Inspector,2024-04-10,69105
162,220,Employee_162,Ticket Inspector,2018-04-30,74604
163,109,Employee_163,Security Officer,2018-03-12,57612
164,84,Employee_164,Security Officer,2019-11-27,33883
165,137,Employee_165,Security Officer,2024-10-06,46317
166,101,Employee_166,Station Manager,2018-02-11,32602
167,216,Employee_167,Ticket Inspector,2021-01-19,60919
168,51,Employee_168,Maintenance Engineer,2018-12-29,34192
169,140,Employee_169,Station Manager,2020-02-05,57477
170,212,Employee_170,Station Manager,2022-04-06,91592
171,244,Employee_171,Operator,2021-08-30,51567
172,191,Employee_172,Operator,2020-07-23,95311
173,101,Employee_173,Security Officer,2024-10-24,27055
174,89,Employee_174,Maintenance Engineer,2018-10-28,52398
175,247,Employee_175,Station Manager,2020-10-06,37007
176,126,Employee_176,Station Manager,2020-11-30,48738
177,208,Employee_177,Ticket Inspector,2022-12-01,68724
178,182,Employee_178,Security Officer,2022-07-15,76595
179,138,Employee_179,Maintenance Engineer,2023-11-08,44227
180,89,Employee_180,Ticket Inspector,2020-07-22,60250
181,55,Employee_181,Operator,2018-04-05,97172
182,239,Employee_182,Maintenance Engineer,2022-08-07,58026
183,129,Employee_183,Operator,2021-07-09,29877
184,236,Employee_184,Security Officer,2023-11-17,41523
185,196,Employee_185,Security Officer,2020-02-28,64538
186,7,Employee_186,Security Officer,2021-12-25,92647
187,97,Employee_187,Maintenance Engineer,2022-07-05,53409
188,83,Employee_188,Operator,2024-03-11,80040
189,87,Employee_189,Ticket Inspector,2021-06-26,39809
190,96,Employee_190,Operator,2021-08-10,47924
191,153,Employee_191,Station Manager,2022-01-06,91246
192,63,Employee_192,Security Officer,2019-01-15,84878
193,149,Employee_193,Maintenance Engineer,2019-11-01,34231
194,191,Employee_194,Ticket Inspector,2023-02-12,32956
195,214,Employee_195,Maintenance Engineer,2024-11-05,91646
196,31,Employee_196,Security Officer,2018-10-29,66021
197,92,Employee_197,Maintenance Engineer,2019-02-28,53411
198,5,Employee_198,Ticket Inspector,2024-06-05,40705
199,131,Employee_199,Security Officer,2021-11-05,33245
200,216,Employee_200,Station Manager,2022-05-18,75390
201,221,Employee_201,Operator,2021-08-22,74432
202,242,Employee_202,Station Manager,2019-11-20,79416
203,114,Employee_203,Ticket Inspector,2019-02-27,86845
204,41,Employee_204,Ticket Inspector,2023-11-26,77683
205,174,Employee_205,Operator,2018-08-10,71821
206,172,Employee_206,Operator,2023-12-23,43601
207,62,Employee_207,Station Manager,2020-04-29,37934
208,204,Employee_208,Ticket Inspector,2018-06-24,52883
209,106,Employee_209,Ticket Inspector,2020-12-25,82240
210,246,Employee_210,Maintenance Engineer,2019-03-08,25105
211,91,Employee_211,Security Officer,2018-02-19,93235
212,241,Employee_212,Security Officer,2021-01-13,46123
213,161,Employee_213,Station Manager,2018-02-23,43585
214,145,Employee_214,Operator,2018-06-12,75120
215,191,Employee_215,Maintenance Engineer,2022-03-21,49026
216,169,Employee_216,Security Officer,2018-03-19,44502
217,102,Employee_217,Ticket Inspector,2022-05-19,60628
218,100,Employee_218,Station Manager,2019-07-12,59611
219,95,Employee_219,Maintenance Engineer,2020-10-04,72991
220,109,Employee_220,Maintenance Engineer,2023-09-03,52057
221,130,Employee_221,Operator,2021-09-28,80885
222,125,Employee_222,Station Manager,2023-09-12,95903
223,96,Employee_223,Station Manager,2018-11-25,30114
224,210,Employee_224,Maintenance Engineer,2024-06-25,57104
225,150,Employee_225,Security Officer,2020-08-10,50576
226,178,Employee_226,Station Manager,2019-06-28,93444
227,50,Employee_227,Security Officer,2024-04-18,52185
228,170,Employee_228,Operator,2018-09-19,73237
229,172,Employee_229,Maintenance Engineer,2018-07-30,68631
230,205,Employee_230,Ticket Inspector,2018-03-16,31824
231,226,Employee_231,Operator,2024-01-27,69247
232,90,Employee_232,Ticket Inspector,2019-04-16,96427
233,90,Employee_233,Maintenance Engineer,2024-05-29,98224
234,124,Employee_234,Ticket Inspector,2021-08-09,36382
235,41,Employee_235,Station Manager,2024-04-07,93351
236,166,Employee_236,Security Officer,2021-04-21,38753
237,101,Employee_237,Maintenance Engineer,2023-05-18,57425
238,63,Employee_238,Station Manager,2023-05-14,75038
239,171,Employee_239,Ticket Inspector,2021-07-26,38713
240,65,Employee_240,Ticket Inspector,2021-08-02,56293
241,93,Employee_241,Station Manager,2023-04-14,36820
242,112,Employee_242,Maintenance Engineer,2018-06-30,84803
243,81,Employee_243,Maintenance Engineer,2018-08-04,66903
244,118,Employee_244,Ticket Inspector,2019-01-06,39888
245,190,Employee_245,Maintenance Engineer,2023-11-11,77649
246,128,Employee_246,Ticket Inspector,2022-02-07,81999
247,140,Employee_247,Operator,2019-02-11,98694
248,249,Employee_248,Maintenance Engineer,2019-10-10,60080
249,218,Employee_249,Ticket Inspector,2022-02-16,42095
250,61,Employee_250,Ticket Inspector,2024-06-09,66595
251,194,Employee_251,Station Manager,2022-03-06,38964
252,223,Employee_252,Ticket Inspector,2021-05-30,68741
253,45,Employee_253,Ticket Inspector,2018-05-22,91172
254,222,Employee_254,Maintenance Engineer,2018-01-10,51996
255,53,Employee_255,Security Officer,2019-07-17,48436
256,5,Employee_256,Maintenance Engineer,2021-11-19,75623
257,157,Employee_257,Operator,2024-05-22,81035
258,36,Employee_258,Operator,2022-04-26,39181
259,125,Employee_259,Maintenance Engineer,2018-12-27,83485
260,166,Employee_260,Security Officer,2022-05-22,69359
261,96,Employee_261,Maintenance Engineer,2021-07-10,90031
262,188,Employee_262,Security Officer,2019-03-12,87123
263,231,Employee_263,Maintenance Engineer,2019-01-01,69839
264,33,Employee_264,Operator,2024-09-22,99156
265,212,Employee_265,Ticket Inspector,2018-10-25,42956
266,152,Employee_266,Station Manager,2021-04-11,78350
267,212,Employee_267,Station Manager,2018-11-11,82516
268,66,Employee_268,Maintenance Engineer,2020-02-22,93619
269,28,Employee_269,Station Manager,2018-12-25,29617
270,227,Employee_270,Maintenance Engineer,2019-03-29,76985
271,201,Employee_271,Operator,2022-12-30,92648
272,28,Employee_272,Maintenance Engineer,2020-09-21,62775
273,143,Employee_273,Operator,2018-06-30,70007
274,223,Employee_274,Operator,2022-11-11,45223
275,129,Employee_275,Ticket Inspector,2020-02-26,48743
276,179,Employee_276,Ticket Inspector,2020-10-15,38085
277,45,Employee_277,Operator,2020-03-18,31224
278,97,Employee_278,Ticket Inspector,2021-06-07,92457
279,170,Employee_279,Station Manager,2024-04-19,62757
280,114,Employee_280,Maintenance Engineer,2020-10-01,45888
281,229,Employee_281,Security Officer,2021-05-28,38024
282,127,Employee_282,Maintenance Engineer,2023-03-06,82900
283,76,Employee_283,Station Manager,2019-11-13,76255
284,178,Employee_284,Operator,2021-09-25,46160
285,206,Employee_285,Station Manager,2024-02-09,36184
286,119,Employee_286,Station Manager,2022-05-22,83198
287,145,Employee_287,Security Officer,2018-02-17,49391
288,15,Employee_288,Security Officer,2022-01-23,96251
289,26,Employee_289,Security Officer,2024-07-28,47186
290,65,Employee_290,Operator,2022-03-12,32867
291,172,Employee_291,Station Manager,2018-04-15,27962
292,17,Employee_292,Maintenance Engineer,2024-01-22,33344
293,35,Employee_293,Ticket Inspector,2023-11-16,57784
294,93,Employee_294,Operator,2022-11-27,69829
295,28,Employee_295,Station Manager,2018-04-23,25580
296,51,Employee_296,Maintenance Engineer,2022-10-04,48875
297,25,Employee_297,Security Officer,2022-03-28,44191
298,26,Employee_298,Maintenance Engineer,2020-01-24,92732
299,81,Employee_299,Station Manager,2020-12-20,47912
300,196,Employee_300,Maintenance Engineer,2022-11-27,69031
301,197,Employee_301,Maintenance Engineer,2020-03-10,74872
302,198,Employee_302,Maintenance Engineer,2018-08-07,77102
303,64,Employee_303,Security Officer,2022-08-17,44375
304,14,Employee_304,Station Manager,2019-11-09,41489
305,163,Employee_305,Operator,2020-08-16,66183
306,71,Employee_306,Operator,2022-10-19,62496
307,153,Employee_307,Station Manager,2023-05-19,85026
308,218,Employee_308,Operator,2018-02-26,58200
309,84,Employee_309,Station Manager,2021-04-23,96526
310,1,Employee_310,Maintenance Engineer,2022-06-05,43901
311,64,Employee_311,Operator,2022-08-01,78717
312,47,Employee_312,Ticket Inspector,2024-02-19,76918
313,21,Employee_313,Security Officer,2021-12-05,78685
314,120,Employee_314,Security Officer,2019-11-13,60207
315,127,Employee_315,Station Manager,2018-08-21,97951
316,165,Employee_316,Operator,2019-05-05,77176
317,149,Employee_317,Maintenance Engineer,2021-07-22,96554
318,248,Employee_318,Ticket Inspector,2022-12-10,52230
319,73,Employee_319,Station Manager,2022-02-04,77485
320,14,Employee_320,Maintenance Engineer,2024-02-29,34700
321,110,Employee_321,Operator,2020-01-26,62059
322,20,Employee_322,Station Manager,2020-11-03,93718
323,165,Employee_323,Ticket Inspector,2019-03-24,57165
324,133,Employee_324,Operator,2021-05-23,54133
325,151,Employee_325,Security Officer,2022-05-30,90409
326,55,Employee_326,Security Officer,2022-08-03,50264
327,247,Employee_327,Station Manager,2024-04-02,28436
328,200,Employee_328,Security Officer,2021-09-26,58919
329,70,Employee_329,Station Manager,2018-03-28,62080
330,236,Employee_330,Security Officer,2019-09-16,39984
331,148,Employee_331,Station Manager,2020-05-25,61475
332,163,Employee_332,Security Officer,2018-10-28,96619
333,240,Employee_333,Maintenance Engineer,2023-12-30,37244
334,97,Employee_334,Security Officer,2020-08-17,60958
335,117,Employee_335,Operator,2019-03-19,48735
336,80,Employee_336,Station Manager,2019-11-23,45058
337,221,Employee_337,Station Manager,2022-01-02,70426
338,250,Employee_338,Security Officer,2023-08-10,82901
339,238,Employee_339,Ticket Inspector,2021-05-23,58182
340,183,Employee_340,Ticket Inspector,2020-09-11,28864
341,215,Employee_341,Station Manager,2022-03-15,35495
342,141,Employee_342,Station Manager,2023-04-02,83692
343,196,Employee_343,Security Officer,2018-06-29,89226
344,109,Employee_344,Station Manager,2021-03-19,97268
345,57,Employee_345,Security Officer,2021-08-19,38987
346,74,Employee_346,Station Manager,2021-01-01,56915
347,237,Employee_347,Station Manager,2021-02-06,54831
348,138,Employee_348,Maintenance Engineer,2023-05-29,61101
349,228,Employee_349,Ticket Inspector,2021-08-20,36923
350,211,Employee_350,Station Manager,2020-05-26,79578
351,175,Employee_351,Station Manager,2024-03-01,42730
352,239,Employee_352,Ticket Inspector,2021-03-01,48999
353,220,Employee_353,Operator,2023-05-19,68876
354,146,Employee_354,Ticket Inspector,2018-04-30,41763
355,54,Employee_355,Maintenance Engineer,2021-07-28,98913
356,40,Employee_356,Security Officer,2024-08-03,92452
357,75,Employee_357,Station Manager,2023-04-03,92850
358,198,Employee_358,Security Officer,2019-07-15,42856
359,219,Employee_359,Ticket Inspector,2024-08-13,62755
360,67,Employee_360,Operator,2022-12-24,50984
361,17,Employee_361,Operator,2023-02-24,56598
362,29,Employee_362,Ticket Inspector,2018-03-06,29772
363,63,Employee_363,Station Manager,2022-12-05,75797
364,157,Employee_364,Operator,2020-08-21,59626
365,94,Employee_365,Security Officer,2020-09-26,48232
366,51,Employee_366,Ticket Inspector,2018-07-17,37782
367,18,Employee_367,Security Officer,2023-11-25,80308
368,183,Employee_368,Station Manager,2019-02-16,81813
369,110,Employee_369,Maintenance Engineer,2018-06-30,43384
370,81,Employee_370,Maintenance Engineer,2021-11-15,37369
371,83,Employee_371,Maintenance Engineer,2024-01-16,50525
372,240,Employee_372,Operator,2021-04-17,49036
373,217,Employee_373,Security Officer,2019-03-16,70501
374,237,Employee_374,Ticket Inspector,2019-05-25,78538
375,15,Employee_375,Ticket Inspector,2022-11-14,94154
376,175,Employee_376,Ticket Inspector,2023-05-18,49866
377,67,Employee_377,Operator,2020-02-22,38881
378,244,Employee_378,Maintenance Engineer,2024-02-22,82994
379,247,Employee_379,Security Officer,2020-11-20,53929
380,114,Employee_380,Maintenance Engineer,2020-09-15,92565
381,140,Employee_381,Security Officer,2022-06-10,96365
382,150,Employee_382,Station Manager,2020-11-22,62012
383,59,Employee_383,Operator,2018-08-04,92887
384,71,Employee_384,Ticket Inspector,2022-11-16,80732
385,244,Employee_385,Station Manager,2023-08-07,96890
386,235,Employee_386,Ticket Inspector,2019-03-20,44721
387,56,Employee_387,Ticket Inspector,2020-08-27,60657
388,47,Employee_388,Station Manager,2021-11-13,41753
389,110,Employee_389,Operator,2018-10-16,39749
390,158,Employee_390,Ticket Inspector,2022-06-20,94785
391,47,Employee_391,Maintenance Engineer,2020-06-14,96137
392,218,Employee_392,Operator,2020-12-19,73385
393,168,Employee_393,Security Officer,2020-05-12,72124
394,200,Employee_394,Ticket Inspector,2023-07-17,46603
395,170,Employee_395,Security Officer,2024-10-05,57954
396,27,Employee_396,Station Manager,2018-12-22,64250
397,15,Employee_397,Ticket Inspector,2022-10-22,82230
398,42,Employee_398,Station Manager,2023-01-30,73429
399,75,Employee_399,Security Officer,2021-06-25,44328
400,245,Employee_400,Security Officer,2024-01-25,67527
401,167,Employee_401,Security Officer,2019-06-12,46285
402,85,Employee_402,Maintenance Engineer,2019-04-26,67894
403,146,Employee_403,Ticket Inspector,2020-04-04,90256
404,142,Employee_404,Operator,2022-05-05,95125
405,236,Employee_405,Station Manager,2024-07-23,95523
406,43,Employee_406,Ticket Inspector,2018-03-12,68848
407,12,Employee_407,Maintenance Engineer,2020-05-21,31990
408,19,Employee_408,Station Manager,2024-10-03,54503
409,27,Employee_409,Maintenance Engineer,2022-10-11,61488
410,174,Employee_410,Operator,2018-05-17,53798
411,100,Employee_411,Security Officer,2021-04-17,71264
412,130,Employee_412,Maintenance Engineer,2022-08-12,53845
413,85,Employee_413,Station Manager,2023-05-13,98566
414,146,Employee_414,Operator,2023-02-11,66615
415,21,Employee_415,Station Manager,2021-10-21,55757
416,85,Employee_416,Operator,2020-10-18,60072
417,188,Employee_417,Maintenance Engineer,2024-07-31,97426
418,5,Employee_418,Operator,2021-04-14,50944
419,123,Employee_419,Station Manager,2019-04-21,82144
420,28,Employee_420,Maintenance Engineer,2020-02-28,31206
421,248,Employee_421,Ticket Inspector,2019-04-02,51526
422,167,Employee_422,Ticket Inspector,2018-04-19,59164
423,227,Employee_423,Security Officer,2022-03-29,73082
424,198,Employee_424,Ticket Inspector,2022-02-16,88343
425,32,Employee_425,Station Manager,2018-06-16,41626
426,131,Employee_426,Ticket Inspector,2021-10-14,67789
427,10,Employee_427,Operator,2023-07-07,53140
428,163,Employee_428,Maintenance Engineer,2022-11-18,48923
429,240,Employee_429,Ticket Inspector,2021-08-04,27861
430,246,Employee_430,Security Officer,2020-02-03,48524
431,102,Employee_431,Station Manager,2021-08-14,55321
432,27,Employee_432,Maintenance Engineer,2022-01-03,71861
433,28,Employee_433,Operator,2024-03-09,25120
434,140,Employee_434,Maintenance Engineer,2023-09-08,62788
435,229,Employee_435,Station Manager,2019-01-13,40181
436,232,Employee_436,Station Manager,2019-12-12,90728
437,114,Employee_437,Security Officer,2022-04-01,63291
438,227,Employee_438,Security Officer,2023-02-25,99053
439,65,Employee_439,Operator,2024-11-02,90118
440,90,Employee_440,Operator,2022-02-15,88592
441,79,Employee_441,Ticket Inspector,2020-07-16,83279
442,208,Employee_442,Maintenance Engineer,2021-04-28,55692
443,127,Employee_443,Maintenance Engineer,2023-07-27,26672
444,218,Employee_444,Station Manager,2019-01-15,63121
445,245,Employee_445,Ticket Inspector,2018-11-18,59655
446,7,Employee_446,Ticket Inspector,2023-03-16,84573
447,98,Employee_447,Maintenance Engineer,2021-10-02,41639
448,159,Employee_448,Operator,2024-06-14,26333
449,47,Employee_449,Operator,2021-03-09,77277
450,45,Employee_450,Maintenance Engineer,2018-04-03,55064
451,244,Employee_451,Operator,2018-05-11,71965
452,42,Employee_452,Station Manager,2024-07-01,78282
453,132,Employee_453,Station Manager,2018-10-01,38843
454,164,Employee_454,Station Manager,2021-03-24,41480
455,163,Employee_455,Ticket Inspector,2024-01-29,98972
456,68,Employee_456,Station Manager,2018-07-31,43396
457,31,Employee_457,Operator,2018-11-03,95514
458,129,Employee_458,Ticket Inspector,2018-10-04,79736
459,94,Employee_459,Operator,2024-08-04,82146
460,10,Employee_460,Station Manager,2024-05-19,60360
461,49,Employee_461,Security Officer,2022-03-14,57183
462,31,Employee_462,Operator,2018-08-03,96404
463,37,Employee_463,Operator,2018-05-26,69097
464,136,Employee_464,Security Officer,2024-02-14,36095
465,172,Employee_465,Maintenance Engineer,2021-05-09,74236
466,74,Employee_466,Maintenance Engineer,2024-07-18,90716
467,142,Employee_467,Station Manager,2020-09-29,38470
468,27,Employee_468,Security Officer,2021-04-16,79396
469,93,Employee_469,Operator,2018-06-23,70257
470,173,Employee_470,Station Manager,2023-11-28,73763
471,133,Employee_471,Security Officer,2018-10-30,58329
472,67,Employee_472,Operator,2019-02-14,78296
473,40,Employee_473,Station Manager,2021-03-02,30205
474,58,Employee_474,Station Manager,2020-07-30,32307
475,197,Employee_475,Maintenance Engineer,2021-04-25,38584
476,223,Employee_476,Ticket Inspector,2018-02-13,38604
477,152,Employee_477,Ticket Inspector,2020-05-24,81022
478,207,Employee_478,Station Manager,2019-10-16,31570
479,150,Employee_479,Maintenance Engineer,2021-11-24,38904
480,4,Employee_480,Ticket Inspector,2024-07-10,60235
481,121,Employee_481,Security Officer,2018-06-06,34075
482,69,Employee_482,Ticket Inspector,2023-07-08,40237
483,195,Employee_483,Ticket Inspector,2023-10-25,46828
484,128,Employee_484,Operator,2018-11-12,96201
485,158,Employee_485,Security Officer,2018-01-05,43654
486,134,Employee_486,Operator,2022-11-12,80958
487,117,Employee_487,Security Officer,2023-10-27,43504
488,152,Employee_488,Maintenance Engineer,2020-06-29,79151
489,101,Employee_489,Operator,2021-12-03,34580
490,208,Employee_490,Station Manager,2021-07-13,54731
491,127,Employee_491,Maintenance Engineer,2021-07-25,71528
492,107,Employee_492,Operator,2022-09-06,81765
493,41,Employee_493,Station Manager,2020-12-22,94121
494,76,Employee_494,Station Manager,2022-02-22,26718
495,131,Employee_495,Security Officer,2020-07-08,28248
496,38,Employee_496,Maintenance Engineer,2021-09-11,74941
497,25,Employee_497,Ticket Inspector,2024-06-23,26812
498,122,Employee_498,Ticket Inspector,2023-10-17,53544
499,213,Employee_499,Security Officer,2020-06-13,61221
500,89,Employee_500,Station Manager,2018-06-13,73286
